{"cameraMode":{"drawMode":0,"name":"Shaded","section":"Shading Mode"},"sceneLighting":true,"audioPlay":false,"sceneViewState":{"showFog":true,"showMaterialUpdate":false,"showSkybox":true,"showFlares":true,"showImageEffects":true,"showParticleSystems":true},"in2DMode":false,"pivot":{"x":0.224901020526886,"y":0.5549812912940979,"z":-0.5102531909942627},"rotation":{"x":0.021967865526676179,"y":0.977562427520752,"z":-0.13159097731113435,"w":0.16307713091373444},"size":1.9446299076080323,"orthographic":false}